image_fn,label_fn,gt_label_fn
dataset/NRW_dataset/HR_image/dortmund_2.tif,dataset/NRW_dataset/ESA_GLC10_label/dortmund_2.tif,
dataset/NRW_dataset/HR_image/muenster_7.tif,dataset/NRW_dataset/ESA_GLC10_label/muenster_7.tif,dataset/NRW_dataset/HR_ground_truth/muenster_7.tif
dataset/NRW_dataset/HR_image/muenster_61.tif,dataset/NRW_dataset/ESA_GLC10_label/muenster_61.tif,
dataset/NRW_dataset/HR_image/koeln_38.tif,dataset/NRW_dataset/ESA_GLC10_label/koeln_38.tif,dataset/NRW_dataset/HR_ground_truth/koeln_38.tif
dataset/NRW_dataset/HR_image/koeln_18.tif,dataset/NRW_dataset/ESA_GLC10_label/koeln_18.tif,dataset/NRW_dataset/HR_ground_truth/koeln_18.tif
dataset/NRW_dataset/HR_image/muenster_12.tif,dataset/NRW_dataset/ESA_GLC10_label/muenster_12.tif,dataset/NRW_dataset/HR_ground_truth/muenster_12.tif
dataset/NRW_dataset/HR_image/aachen_33.tif,dataset/NRW_dataset/ESA_GLC10_label/aachen_33.tif,dataset/NRW_dataset/HR_ground_truth/aachen_33.tif
dataset/NRW_dataset/HR_image/koeln_30.tif,dataset/NRW_dataset/ESA_GLC10_label/koeln_30.tif,dataset/NRW_dataset/HR_ground_truth/koeln_30.tif
dataset/NRW_dataset/HR_image/koeln_63.tif,dataset/NRW_dataset/ESA_GLC10_label/koeln_63.tif,dataset/NRW_dataset/HR_ground_truth/koeln_63.tif
dataset/NRW_dataset/HR_image/aachen_6.tif,dataset/NRW_dataset/ESA_GLC10_label/aachen_6.tif,dataset/NRW_dataset/HR_ground_truth/aachen_6.tif
dataset/NRW_dataset/HR_image/duesseldorf_46.tif,dataset/NRW_dataset/ESA_GLC10_label/duesseldorf_46.tif,dataset/NRW_dataset/HR_ground_truth/duesseldorf_46.tif
dataset/NRW_dataset/HR_image/bielefeld_65.tif,dataset/NRW_dataset/ESA_GLC10_label/bielefeld_65.tif,
dataset/NRW_dataset/HR_image/bielefeld_1.tif,dataset/NRW_dataset/ESA_GLC10_label/bielefeld_1.tif,
dataset/NRW_dataset/HR_image/dortmund_67.tif,dataset/NRW_dataset/ESA_GLC10_label/dortmund_67.tif,
dataset/NRW_dataset/HR_image/duesseldorf_59.tif,dataset/NRW_dataset/ESA_GLC10_label/duesseldorf_59.tif,dataset/NRW_dataset/HR_ground_truth/duesseldorf_59.tif
dataset/NRW_dataset/HR_image/muenster_49.tif,dataset/NRW_dataset/ESA_GLC10_label/muenster_49.tif,dataset/NRW_dataset/HR_ground_truth/muenster_49.tif
dataset/NRW_dataset/HR_image/aachen_60.tif,dataset/NRW_dataset/ESA_GLC10_label/aachen_60.tif,
dataset/NRW_dataset/HR_image/duesseldorf_40.tif,dataset/NRW_dataset/ESA_GLC10_label/duesseldorf_40.tif,dataset/NRW_dataset/HR_ground_truth/duesseldorf_40.tif
dataset/NRW_dataset/HR_image/aachen_1.tif,dataset/NRW_dataset/ESA_GLC10_label/aachen_1.tif,dataset/NRW_dataset/HR_ground_truth/aachen_1.tif
dataset/NRW_dataset/HR_image/muenster_36.tif,dataset/NRW_dataset/ESA_GLC10_label/muenster_36.tif,dataset/NRW_dataset/HR_ground_truth/muenster_36.tif
dataset/NRW_dataset/HR_image/muenster_32.tif,dataset/NRW_dataset/ESA_GLC10_label/muenster_32.tif,dataset/NRW_dataset/HR_ground_truth/muenster_32.tif
dataset/NRW_dataset/HR_image/koeln_16.tif,dataset/NRW_dataset/ESA_GLC10_label/koeln_16.tif,dataset/NRW_dataset/HR_ground_truth/koeln_16.tif
dataset/NRW_dataset/HR_image/aachen_2.tif,dataset/NRW_dataset/ESA_GLC10_label/aachen_2.tif,dataset/NRW_dataset/HR_ground_truth/aachen_2.tif
dataset/NRW_dataset/HR_image/aachen_63.tif,dataset/NRW_dataset/ESA_GLC10_label/aachen_63.tif,dataset/NRW_dataset/HR_ground_truth/aachen_63.tif
dataset/NRW_dataset/HR_image/bielefeld_34.tif,dataset/NRW_dataset/ESA_GLC10_label/bielefeld_34.tif,dataset/NRW_dataset/HR_ground_truth/bielefeld_34.tif
dataset/NRW_dataset/HR_image/muenster_33.tif,dataset/NRW_dataset/ESA_GLC10_label/muenster_33.tif,dataset/NRW_dataset/HR_ground_truth/muenster_33.tif
dataset/NRW_dataset/HR_image/muenster_48.tif,dataset/NRW_dataset/ESA_GLC10_label/muenster_48.tif,dataset/NRW_dataset/HR_ground_truth/muenster_48.tif
dataset/NRW_dataset/HR_image/koeln_60.tif,dataset/NRW_dataset/ESA_GLC10_label/koeln_60.tif,
dataset/NRW_dataset/HR_image/bielefeld_62.tif,dataset/NRW_dataset/ESA_GLC10_label/bielefeld_62.tif,dataset/NRW_dataset/HR_ground_truth/bielefeld_62.tif
dataset/NRW_dataset/HR_image/koeln_46.tif,dataset/NRW_dataset/ESA_GLC10_label/koeln_46.tif,dataset/NRW_dataset/HR_ground_truth/koeln_46.tif
dataset/NRW_dataset/HR_image/koeln_51.tif,dataset/NRW_dataset/ESA_GLC10_label/koeln_51.tif,
dataset/NRW_dataset/HR_image/dortmund_15.tif,dataset/NRW_dataset/ESA_GLC10_label/dortmund_15.tif,dataset/NRW_dataset/HR_ground_truth/dortmund_15.tif
dataset/NRW_dataset/HR_image/dortmund_40.tif,dataset/NRW_dataset/ESA_GLC10_label/dortmund_40.tif,dataset/NRW_dataset/HR_ground_truth/dortmund_40.tif
dataset/NRW_dataset/HR_image/dortmund_44.tif,dataset/NRW_dataset/ESA_GLC10_label/dortmund_44.tif,
dataset/NRW_dataset/HR_image/dortmund_10.tif,dataset/NRW_dataset/ESA_GLC10_label/dortmund_10.tif,dataset/NRW_dataset/HR_ground_truth/dortmund_10.tif
dataset/NRW_dataset/HR_image/dortmund_58.tif,dataset/NRW_dataset/ESA_GLC10_label/dortmund_58.tif,dataset/NRW_dataset/HR_ground_truth/dortmund_58.tif
dataset/NRW_dataset/HR_image/koeln_43.tif,dataset/NRW_dataset/ESA_GLC10_label/koeln_43.tif,dataset/NRW_dataset/HR_ground_truth/koeln_43.tif
dataset/NRW_dataset/HR_image/muenster_43.tif,dataset/NRW_dataset/ESA_GLC10_label/muenster_43.tif,dataset/NRW_dataset/HR_ground_truth/muenster_43.tif
dataset/NRW_dataset/HR_image/duesseldorf_11.tif,dataset/NRW_dataset/ESA_GLC10_label/duesseldorf_11.tif,dataset/NRW_dataset/HR_ground_truth/duesseldorf_11.tif
dataset/NRW_dataset/HR_image/aachen_48.tif,dataset/NRW_dataset/ESA_GLC10_label/aachen_48.tif,
dataset/NRW_dataset/HR_image/dortmund_34.tif,dataset/NRW_dataset/ESA_GLC10_label/dortmund_34.tif,
dataset/NRW_dataset/HR_image/duesseldorf_1.tif,dataset/NRW_dataset/ESA_GLC10_label/duesseldorf_1.tif,dataset/NRW_dataset/HR_ground_truth/duesseldorf_1.tif
dataset/NRW_dataset/HR_image/koeln_69.tif,dataset/NRW_dataset/ESA_GLC10_label/koeln_69.tif,
dataset/NRW_dataset/HR_image/bielefeld_53.tif,dataset/NRW_dataset/ESA_GLC10_label/bielefeld_53.tif,dataset/NRW_dataset/HR_ground_truth/bielefeld_53.tif
dataset/NRW_dataset/HR_image/duesseldorf_18.tif,dataset/NRW_dataset/ESA_GLC10_label/duesseldorf_18.tif,dataset/NRW_dataset/HR_ground_truth/duesseldorf_18.tif
dataset/NRW_dataset/HR_image/muenster_34.tif,dataset/NRW_dataset/ESA_GLC10_label/muenster_34.tif,dataset/NRW_dataset/HR_ground_truth/muenster_34.tif
dataset/NRW_dataset/HR_image/aachen_45.tif,dataset/NRW_dataset/ESA_GLC10_label/aachen_45.tif,
dataset/NRW_dataset/HR_image/muenster_68.tif,dataset/NRW_dataset/ESA_GLC10_label/muenster_68.tif,dataset/NRW_dataset/HR_ground_truth/muenster_68.tif
dataset/NRW_dataset/HR_image/aachen_10.tif,dataset/NRW_dataset/ESA_GLC10_label/aachen_10.tif,dataset/NRW_dataset/HR_ground_truth/aachen_10.tif
dataset/NRW_dataset/HR_image/aachen_53.tif,dataset/NRW_dataset/ESA_GLC10_label/aachen_53.tif,dataset/NRW_dataset/HR_ground_truth/aachen_53.tif
dataset/NRW_dataset/HR_image/aachen_20.tif,dataset/NRW_dataset/ESA_GLC10_label/aachen_20.tif,
dataset/NRW_dataset/HR_image/koeln_27.tif,dataset/NRW_dataset/ESA_GLC10_label/koeln_27.tif,dataset/NRW_dataset/HR_ground_truth/koeln_27.tif
dataset/NRW_dataset/HR_image/aachen_42.tif,dataset/NRW_dataset/ESA_GLC10_label/aachen_42.tif,dataset/NRW_dataset/HR_ground_truth/aachen_42.tif
dataset/NRW_dataset/HR_image/koeln_9.tif,dataset/NRW_dataset/ESA_GLC10_label/koeln_9.tif,dataset/NRW_dataset/HR_ground_truth/koeln_9.tif
dataset/NRW_dataset/HR_image/duesseldorf_5.tif,dataset/NRW_dataset/ESA_GLC10_label/duesseldorf_5.tif,
dataset/NRW_dataset/HR_image/muenster_51.tif,dataset/NRW_dataset/ESA_GLC10_label/muenster_51.tif,
dataset/NRW_dataset/HR_image/aachen_39.tif,dataset/NRW_dataset/ESA_GLC10_label/aachen_39.tif,dataset/NRW_dataset/HR_ground_truth/aachen_39.tif
dataset/NRW_dataset/HR_image/bielefeld_16.tif,dataset/NRW_dataset/ESA_GLC10_label/bielefeld_16.tif,dataset/NRW_dataset/HR_ground_truth/bielefeld_16.tif
dataset/NRW_dataset/HR_image/aachen_5.tif,dataset/NRW_dataset/ESA_GLC10_label/aachen_5.tif,dataset/NRW_dataset/HR_ground_truth/aachen_5.tif
dataset/NRW_dataset/HR_image/dortmund_4.tif,dataset/NRW_dataset/ESA_GLC10_label/dortmund_4.tif,dataset/NRW_dataset/HR_ground_truth/dortmund_4.tif
dataset/NRW_dataset/HR_image/duesseldorf_22.tif,dataset/NRW_dataset/ESA_GLC10_label/duesseldorf_22.tif,dataset/NRW_dataset/HR_ground_truth/duesseldorf_22.tif
dataset/NRW_dataset/HR_image/dortmund_5.tif,dataset/NRW_dataset/ESA_GLC10_label/dortmund_5.tif,dataset/NRW_dataset/HR_ground_truth/dortmund_5.tif
dataset/NRW_dataset/HR_image/dortmund_24.tif,dataset/NRW_dataset/ESA_GLC10_label/dortmund_24.tif,dataset/NRW_dataset/HR_ground_truth/dortmund_24.tif
dataset/NRW_dataset/HR_image/bielefeld_52.tif,dataset/NRW_dataset/ESA_GLC10_label/bielefeld_52.tif,dataset/NRW_dataset/HR_ground_truth/bielefeld_52.tif
dataset/NRW_dataset/HR_image/bielefeld_7.tif,dataset/NRW_dataset/ESA_GLC10_label/bielefeld_7.tif,
dataset/NRW_dataset/HR_image/bielefeld_11.tif,dataset/NRW_dataset/ESA_GLC10_label/bielefeld_11.tif,
dataset/NRW_dataset/HR_image/aachen_46.tif,dataset/NRW_dataset/ESA_GLC10_label/aachen_46.tif,dataset/NRW_dataset/HR_ground_truth/aachen_46.tif
dataset/NRW_dataset/HR_image/dortmund_50.tif,dataset/NRW_dataset/ESA_GLC10_label/dortmund_50.tif,dataset/NRW_dataset/HR_ground_truth/dortmund_50.tif
dataset/NRW_dataset/HR_image/duesseldorf_55.tif,dataset/NRW_dataset/ESA_GLC10_label/duesseldorf_55.tif,dataset/NRW_dataset/HR_ground_truth/duesseldorf_55.tif
dataset/NRW_dataset/HR_image/koeln_68.tif,dataset/NRW_dataset/ESA_GLC10_label/koeln_68.tif,dataset/NRW_dataset/HR_ground_truth/koeln_68.tif
dataset/NRW_dataset/HR_image/bielefeld_45.tif,dataset/NRW_dataset/ESA_GLC10_label/bielefeld_45.tif,
dataset/NRW_dataset/HR_image/dortmund_29.tif,dataset/NRW_dataset/ESA_GLC10_label/dortmund_29.tif,dataset/NRW_dataset/HR_ground_truth/dortmund_29.tif
dataset/NRW_dataset/HR_image/dortmund_21.tif,dataset/NRW_dataset/ESA_GLC10_label/dortmund_21.tif,dataset/NRW_dataset/HR_ground_truth/dortmund_21.tif
dataset/NRW_dataset/HR_image/muenster_56.tif,dataset/NRW_dataset/ESA_GLC10_label/muenster_56.tif,dataset/NRW_dataset/HR_ground_truth/muenster_56.tif
dataset/NRW_dataset/HR_image/aachen_37.tif,dataset/NRW_dataset/ESA_GLC10_label/aachen_37.tif,dataset/NRW_dataset/HR_ground_truth/aachen_37.tif
dataset/NRW_dataset/HR_image/duesseldorf_24.tif,dataset/NRW_dataset/ESA_GLC10_label/duesseldorf_24.tif,dataset/NRW_dataset/HR_ground_truth/duesseldorf_24.tif
dataset/NRW_dataset/HR_image/muenster_10.tif,dataset/NRW_dataset/ESA_GLC10_label/muenster_10.tif,dataset/NRW_dataset/HR_ground_truth/muenster_10.tif
dataset/NRW_dataset/HR_image/koeln_17.tif,dataset/NRW_dataset/ESA_GLC10_label/koeln_17.tif,dataset/NRW_dataset/HR_ground_truth/koeln_17.tif
dataset/NRW_dataset/HR_image/koeln_23.tif,dataset/NRW_dataset/ESA_GLC10_label/koeln_23.tif,dataset/NRW_dataset/HR_ground_truth/koeln_23.tif
dataset/NRW_dataset/HR_image/koeln_44.tif,dataset/NRW_dataset/ESA_GLC10_label/koeln_44.tif,dataset/NRW_dataset/HR_ground_truth/koeln_44.tif
dataset/NRW_dataset/HR_image/aachen_49.tif,dataset/NRW_dataset/ESA_GLC10_label/aachen_49.tif,dataset/NRW_dataset/HR_ground_truth/aachen_49.tif
dataset/NRW_dataset/HR_image/bielefeld_2.tif,dataset/NRW_dataset/ESA_GLC10_label/bielefeld_2.tif,
dataset/NRW_dataset/HR_image/koeln_20.tif,dataset/NRW_dataset/ESA_GLC10_label/koeln_20.tif,dataset/NRW_dataset/HR_ground_truth/koeln_20.tif
dataset/NRW_dataset/HR_image/aachen_50.tif,dataset/NRW_dataset/ESA_GLC10_label/aachen_50.tif,
dataset/NRW_dataset/HR_image/duesseldorf_35.tif,dataset/NRW_dataset/ESA_GLC10_label/duesseldorf_35.tif,dataset/NRW_dataset/HR_ground_truth/duesseldorf_35.tif
dataset/NRW_dataset/HR_image/duesseldorf_2.tif,dataset/NRW_dataset/ESA_GLC10_label/duesseldorf_2.tif,dataset/NRW_dataset/HR_ground_truth/duesseldorf_2.tif
dataset/NRW_dataset/HR_image/aachen_65.tif,dataset/NRW_dataset/ESA_GLC10_label/aachen_65.tif,
dataset/NRW_dataset/HR_image/duesseldorf_53.tif,dataset/NRW_dataset/ESA_GLC10_label/duesseldorf_53.tif,dataset/NRW_dataset/HR_ground_truth/duesseldorf_53.tif
dataset/NRW_dataset/HR_image/bielefeld_43.tif,dataset/NRW_dataset/ESA_GLC10_label/bielefeld_43.tif,dataset/NRW_dataset/HR_ground_truth/bielefeld_43.tif
dataset/NRW_dataset/HR_image/dortmund_33.tif,dataset/NRW_dataset/ESA_GLC10_label/dortmund_33.tif,
dataset/NRW_dataset/HR_image/dortmund_20.tif,dataset/NRW_dataset/ESA_GLC10_label/dortmund_20.tif,dataset/NRW_dataset/HR_ground_truth/dortmund_20.tif
dataset/NRW_dataset/HR_image/koeln_62.tif,dataset/NRW_dataset/ESA_GLC10_label/koeln_62.tif,dataset/NRW_dataset/HR_ground_truth/koeln_62.tif
dataset/NRW_dataset/HR_image/bielefeld_61.tif,dataset/NRW_dataset/ESA_GLC10_label/bielefeld_61.tif,dataset/NRW_dataset/HR_ground_truth/bielefeld_61.tif
dataset/NRW_dataset/HR_image/dortmund_52.tif,dataset/NRW_dataset/ESA_GLC10_label/dortmund_52.tif,dataset/NRW_dataset/HR_ground_truth/dortmund_52.tif
dataset/NRW_dataset/HR_image/muenster_15.tif,dataset/NRW_dataset/ESA_GLC10_label/muenster_15.tif,dataset/NRW_dataset/HR_ground_truth/muenster_15.tif
dataset/NRW_dataset/HR_image/koeln_15.tif,dataset/NRW_dataset/ESA_GLC10_label/koeln_15.tif,dataset/NRW_dataset/HR_ground_truth/koeln_15.tif
dataset/NRW_dataset/HR_image/aachen_54.tif,dataset/NRW_dataset/ESA_GLC10_label/aachen_54.tif,
dataset/NRW_dataset/HR_image/bielefeld_50.tif,dataset/NRW_dataset/ESA_GLC10_label/bielefeld_50.tif,
dataset/NRW_dataset/HR_image/duesseldorf_9.tif,dataset/NRW_dataset/ESA_GLC10_label/duesseldorf_9.tif,dataset/NRW_dataset/HR_ground_truth/duesseldorf_9.tif
dataset/NRW_dataset/HR_image/duesseldorf_69.tif,dataset/NRW_dataset/ESA_GLC10_label/duesseldorf_69.tif,
dataset/NRW_dataset/HR_image/muenster_60.tif,dataset/NRW_dataset/ESA_GLC10_label/muenster_60.tif,
dataset/NRW_dataset/HR_image/bielefeld_46.tif,dataset/NRW_dataset/ESA_GLC10_label/bielefeld_46.tif,dataset/NRW_dataset/HR_ground_truth/bielefeld_46.tif
dataset/NRW_dataset/HR_image/koeln_31.tif,dataset/NRW_dataset/ESA_GLC10_label/koeln_31.tif,dataset/NRW_dataset/HR_ground_truth/koeln_31.tif
dataset/NRW_dataset/HR_image/bielefeld_9.tif,dataset/NRW_dataset/ESA_GLC10_label/bielefeld_9.tif,dataset/NRW_dataset/HR_ground_truth/bielefeld_9.tif
dataset/NRW_dataset/HR_image/aachen_36.tif,dataset/NRW_dataset/ESA_GLC10_label/aachen_36.tif,dataset/NRW_dataset/HR_ground_truth/aachen_36.tif
dataset/NRW_dataset/HR_image/bielefeld_58.tif,dataset/NRW_dataset/ESA_GLC10_label/bielefeld_58.tif,
dataset/NRW_dataset/HR_image/dortmund_59.tif,dataset/NRW_dataset/ESA_GLC10_label/dortmund_59.tif,
dataset/NRW_dataset/HR_image/bielefeld_70.tif,dataset/NRW_dataset/ESA_GLC10_label/bielefeld_70.tif,
dataset/NRW_dataset/HR_image/duesseldorf_25.tif,dataset/NRW_dataset/ESA_GLC10_label/duesseldorf_25.tif,dataset/NRW_dataset/HR_ground_truth/duesseldorf_25.tif
dataset/NRW_dataset/HR_image/koeln_54.tif,dataset/NRW_dataset/ESA_GLC10_label/koeln_54.tif,dataset/NRW_dataset/HR_ground_truth/koeln_54.tif
dataset/NRW_dataset/HR_image/duesseldorf_44.tif,dataset/NRW_dataset/ESA_GLC10_label/duesseldorf_44.tif,
dataset/NRW_dataset/HR_image/muenster_8.tif,dataset/NRW_dataset/ESA_GLC10_label/muenster_8.tif,
dataset/NRW_dataset/HR_image/duesseldorf_70.tif,dataset/NRW_dataset/ESA_GLC10_label/duesseldorf_70.tif,dataset/NRW_dataset/HR_ground_truth/duesseldorf_70.tif
dataset/NRW_dataset/HR_image/duesseldorf_34.tif,dataset/NRW_dataset/ESA_GLC10_label/duesseldorf_34.tif,dataset/NRW_dataset/HR_ground_truth/duesseldorf_34.tif
dataset/NRW_dataset/HR_image/aachen_29.tif,dataset/NRW_dataset/ESA_GLC10_label/aachen_29.tif,dataset/NRW_dataset/HR_ground_truth/aachen_29.tif
dataset/NRW_dataset/HR_image/aachen_43.tif,dataset/NRW_dataset/ESA_GLC10_label/aachen_43.tif,dataset/NRW_dataset/HR_ground_truth/aachen_43.tif
dataset/NRW_dataset/HR_image/aachen_52.tif,dataset/NRW_dataset/ESA_GLC10_label/aachen_52.tif,dataset/NRW_dataset/HR_ground_truth/aachen_52.tif
dataset/NRW_dataset/HR_image/bielefeld_32.tif,dataset/NRW_dataset/ESA_GLC10_label/bielefeld_32.tif,dataset/NRW_dataset/HR_ground_truth/bielefeld_32.tif
dataset/NRW_dataset/HR_image/duesseldorf_6.tif,dataset/NRW_dataset/ESA_GLC10_label/duesseldorf_6.tif,
dataset/NRW_dataset/HR_image/koeln_41.tif,dataset/NRW_dataset/ESA_GLC10_label/koeln_41.tif,dataset/NRW_dataset/HR_ground_truth/koeln_41.tif
dataset/NRW_dataset/HR_image/koeln_66.tif,dataset/NRW_dataset/ESA_GLC10_label/koeln_66.tif,
dataset/NRW_dataset/HR_image/aachen_21.tif,dataset/NRW_dataset/ESA_GLC10_label/aachen_21.tif,dataset/NRW_dataset/HR_ground_truth/aachen_21.tif
dataset/NRW_dataset/HR_image/muenster_70.tif,dataset/NRW_dataset/ESA_GLC10_label/muenster_70.tif,dataset/NRW_dataset/HR_ground_truth/muenster_70.tif
dataset/NRW_dataset/HR_image/duesseldorf_41.tif,dataset/NRW_dataset/ESA_GLC10_label/duesseldorf_41.tif,dataset/NRW_dataset/HR_ground_truth/duesseldorf_41.tif
dataset/NRW_dataset/HR_image/muenster_42.tif,dataset/NRW_dataset/ESA_GLC10_label/muenster_42.tif,
dataset/NRW_dataset/HR_image/koeln_61.tif,dataset/NRW_dataset/ESA_GLC10_label/koeln_61.tif,
dataset/NRW_dataset/HR_image/duesseldorf_65.tif,dataset/NRW_dataset/ESA_GLC10_label/duesseldorf_65.tif,dataset/NRW_dataset/HR_ground_truth/duesseldorf_65.tif
dataset/NRW_dataset/HR_image/koeln_58.tif,dataset/NRW_dataset/ESA_GLC10_label/koeln_58.tif,
dataset/NRW_dataset/HR_image/muenster_59.tif,dataset/NRW_dataset/ESA_GLC10_label/muenster_59.tif,
dataset/NRW_dataset/HR_image/aachen_70.tif,dataset/NRW_dataset/ESA_GLC10_label/aachen_70.tif,dataset/NRW_dataset/HR_ground_truth/aachen_70.tif
dataset/NRW_dataset/HR_image/duesseldorf_7.tif,dataset/NRW_dataset/ESA_GLC10_label/duesseldorf_7.tif,dataset/NRW_dataset/HR_ground_truth/duesseldorf_7.tif
dataset/NRW_dataset/HR_image/duesseldorf_64.tif,dataset/NRW_dataset/ESA_GLC10_label/duesseldorf_64.tif,dataset/NRW_dataset/HR_ground_truth/duesseldorf_64.tif
dataset/NRW_dataset/HR_image/muenster_4.tif,dataset/NRW_dataset/ESA_GLC10_label/muenster_4.tif,dataset/NRW_dataset/HR_ground_truth/muenster_4.tif
dataset/NRW_dataset/HR_image/duesseldorf_36.tif,dataset/NRW_dataset/ESA_GLC10_label/duesseldorf_36.tif,dataset/NRW_dataset/HR_ground_truth/duesseldorf_36.tif
dataset/NRW_dataset/HR_image/koeln_42.tif,dataset/NRW_dataset/ESA_GLC10_label/koeln_42.tif,
dataset/NRW_dataset/HR_image/muenster_64.tif,dataset/NRW_dataset/ESA_GLC10_label/muenster_64.tif,
dataset/NRW_dataset/HR_image/bielefeld_51.tif,dataset/NRW_dataset/ESA_GLC10_label/bielefeld_51.tif,
dataset/NRW_dataset/HR_image/muenster_26.tif,dataset/NRW_dataset/ESA_GLC10_label/muenster_26.tif,dataset/NRW_dataset/HR_ground_truth/muenster_26.tif
dataset/NRW_dataset/HR_image/dortmund_45.tif,dataset/NRW_dataset/ESA_GLC10_label/dortmund_45.tif,dataset/NRW_dataset/HR_ground_truth/dortmund_45.tif
dataset/NRW_dataset/HR_image/koeln_8.tif,dataset/NRW_dataset/ESA_GLC10_label/koeln_8.tif,dataset/NRW_dataset/HR_ground_truth/koeln_8.tif
dataset/NRW_dataset/HR_image/duesseldorf_10.tif,dataset/NRW_dataset/ESA_GLC10_label/duesseldorf_10.tif,dataset/NRW_dataset/HR_ground_truth/duesseldorf_10.tif
dataset/NRW_dataset/HR_image/muenster_67.tif,dataset/NRW_dataset/ESA_GLC10_label/muenster_67.tif,dataset/NRW_dataset/HR_ground_truth/muenster_67.tif
dataset/NRW_dataset/HR_image/duesseldorf_30.tif,dataset/NRW_dataset/ESA_GLC10_label/duesseldorf_30.tif,dataset/NRW_dataset/HR_ground_truth/duesseldorf_30.tif
dataset/NRW_dataset/HR_image/koeln_13.tif,dataset/NRW_dataset/ESA_GLC10_label/koeln_13.tif,
dataset/NRW_dataset/HR_image/aachen_66.tif,dataset/NRW_dataset/ESA_GLC10_label/aachen_66.tif,
dataset/NRW_dataset/HR_image/koeln_67.tif,dataset/NRW_dataset/ESA_GLC10_label/koeln_67.tif,dataset/NRW_dataset/HR_ground_truth/koeln_67.tif
dataset/NRW_dataset/HR_image/muenster_44.tif,dataset/NRW_dataset/ESA_GLC10_label/muenster_44.tif,dataset/NRW_dataset/HR_ground_truth/muenster_44.tif
dataset/NRW_dataset/HR_image/muenster_2.tif,dataset/NRW_dataset/ESA_GLC10_label/muenster_2.tif,
dataset/NRW_dataset/HR_image/bielefeld_24.tif,dataset/NRW_dataset/ESA_GLC10_label/bielefeld_24.tif,dataset/NRW_dataset/HR_ground_truth/bielefeld_24.tif
dataset/NRW_dataset/HR_image/aachen_9.tif,dataset/NRW_dataset/ESA_GLC10_label/aachen_9.tif,dataset/NRW_dataset/HR_ground_truth/aachen_9.tif
dataset/NRW_dataset/HR_image/aachen_59.tif,dataset/NRW_dataset/ESA_GLC10_label/aachen_59.tif,dataset/NRW_dataset/HR_ground_truth/aachen_59.tif
dataset/NRW_dataset/HR_image/dortmund_9.tif,dataset/NRW_dataset/ESA_GLC10_label/dortmund_9.tif,
dataset/NRW_dataset/HR_image/muenster_16.tif,dataset/NRW_dataset/ESA_GLC10_label/muenster_16.tif,dataset/NRW_dataset/HR_ground_truth/muenster_16.tif
dataset/NRW_dataset/HR_image/muenster_52.tif,dataset/NRW_dataset/ESA_GLC10_label/muenster_52.tif,dataset/NRW_dataset/HR_ground_truth/muenster_52.tif
dataset/NRW_dataset/HR_image/dortmund_8.tif,dataset/NRW_dataset/ESA_GLC10_label/dortmund_8.tif,dataset/NRW_dataset/HR_ground_truth/dortmund_8.tif
dataset/NRW_dataset/HR_image/koeln_56.tif,dataset/NRW_dataset/ESA_GLC10_label/koeln_56.tif,dataset/NRW_dataset/HR_ground_truth/koeln_56.tif
dataset/NRW_dataset/HR_image/dortmund_28.tif,dataset/NRW_dataset/ESA_GLC10_label/dortmund_28.tif,dataset/NRW_dataset/HR_ground_truth/dortmund_28.tif
dataset/NRW_dataset/HR_image/koeln_6.tif,dataset/NRW_dataset/ESA_GLC10_label/koeln_6.tif,dataset/NRW_dataset/HR_ground_truth/koeln_6.tif
dataset/NRW_dataset/HR_image/duesseldorf_52.tif,dataset/NRW_dataset/ESA_GLC10_label/duesseldorf_52.tif,
dataset/NRW_dataset/HR_image/koeln_5.tif,dataset/NRW_dataset/ESA_GLC10_label/koeln_5.tif,
dataset/NRW_dataset/HR_image/aachen_41.tif,dataset/NRW_dataset/ESA_GLC10_label/aachen_41.tif,
dataset/NRW_dataset/HR_image/duesseldorf_45.tif,dataset/NRW_dataset/ESA_GLC10_label/duesseldorf_45.tif,dataset/NRW_dataset/HR_ground_truth/duesseldorf_45.tif
dataset/NRW_dataset/HR_image/aachen_7.tif,dataset/NRW_dataset/ESA_GLC10_label/aachen_7.tif,dataset/NRW_dataset/HR_ground_truth/aachen_7.tif
dataset/NRW_dataset/HR_image/aachen_4.tif,dataset/NRW_dataset/ESA_GLC10_label/aachen_4.tif,dataset/NRW_dataset/HR_ground_truth/aachen_4.tif
dataset/NRW_dataset/HR_image/duesseldorf_27.tif,dataset/NRW_dataset/ESA_GLC10_label/duesseldorf_27.tif,
dataset/NRW_dataset/HR_image/duesseldorf_37.tif,dataset/NRW_dataset/ESA_GLC10_label/duesseldorf_37.tif,dataset/NRW_dataset/HR_ground_truth/duesseldorf_37.tif
dataset/NRW_dataset/HR_image/muenster_55.tif,dataset/NRW_dataset/ESA_GLC10_label/muenster_55.tif,dataset/NRW_dataset/HR_ground_truth/muenster_55.tif
dataset/NRW_dataset/HR_image/bielefeld_42.tif,dataset/NRW_dataset/ESA_GLC10_label/bielefeld_42.tif,dataset/NRW_dataset/HR_ground_truth/bielefeld_42.tif
dataset/NRW_dataset/HR_image/muenster_24.tif,dataset/NRW_dataset/ESA_GLC10_label/muenster_24.tif,dataset/NRW_dataset/HR_ground_truth/muenster_24.tif
dataset/NRW_dataset/HR_image/aachen_12.tif,dataset/NRW_dataset/ESA_GLC10_label/aachen_12.tif,dataset/NRW_dataset/HR_ground_truth/aachen_12.tif
dataset/NRW_dataset/HR_image/bielefeld_64.tif,dataset/NRW_dataset/ESA_GLC10_label/bielefeld_64.tif,dataset/NRW_dataset/HR_ground_truth/bielefeld_64.tif
dataset/NRW_dataset/HR_image/koeln_29.tif,dataset/NRW_dataset/ESA_GLC10_label/koeln_29.tif,dataset/NRW_dataset/HR_ground_truth/koeln_29.tif
dataset/NRW_dataset/HR_image/aachen_51.tif,dataset/NRW_dataset/ESA_GLC10_label/aachen_51.tif,dataset/NRW_dataset/HR_ground_truth/aachen_51.tif
dataset/NRW_dataset/HR_image/dortmund_65.tif,dataset/NRW_dataset/ESA_GLC10_label/dortmund_65.tif,
dataset/NRW_dataset/HR_image/aachen_27.tif,dataset/NRW_dataset/ESA_GLC10_label/aachen_27.tif,dataset/NRW_dataset/HR_ground_truth/aachen_27.tif
dataset/NRW_dataset/HR_image/duesseldorf_68.tif,dataset/NRW_dataset/ESA_GLC10_label/duesseldorf_68.tif,dataset/NRW_dataset/HR_ground_truth/duesseldorf_68.tif
dataset/NRW_dataset/HR_image/dortmund_26.tif,dataset/NRW_dataset/ESA_GLC10_label/dortmund_26.tif,dataset/NRW_dataset/HR_ground_truth/dortmund_26.tif
dataset/NRW_dataset/HR_image/muenster_47.tif,dataset/NRW_dataset/ESA_GLC10_label/muenster_47.tif,dataset/NRW_dataset/HR_ground_truth/muenster_47.tif
dataset/NRW_dataset/HR_image/bielefeld_28.tif,dataset/NRW_dataset/ESA_GLC10_label/bielefeld_28.tif,dataset/NRW_dataset/HR_ground_truth/bielefeld_28.tif
dataset/NRW_dataset/HR_image/koeln_45.tif,dataset/NRW_dataset/ESA_GLC10_label/koeln_45.tif,dataset/NRW_dataset/HR_ground_truth/koeln_45.tif
dataset/NRW_dataset/HR_image/aachen_23.tif,dataset/NRW_dataset/ESA_GLC10_label/aachen_23.tif,
dataset/NRW_dataset/HR_image/koeln_36.tif,dataset/NRW_dataset/ESA_GLC10_label/koeln_36.tif,dataset/NRW_dataset/HR_ground_truth/koeln_36.tif
dataset/NRW_dataset/HR_image/duesseldorf_63.tif,dataset/NRW_dataset/ESA_GLC10_label/duesseldorf_63.tif,dataset/NRW_dataset/HR_ground_truth/duesseldorf_63.tif
dataset/NRW_dataset/HR_image/dortmund_13.tif,dataset/NRW_dataset/ESA_GLC10_label/dortmund_13.tif,dataset/NRW_dataset/HR_ground_truth/dortmund_13.tif
dataset/NRW_dataset/HR_image/aachen_18.tif,dataset/NRW_dataset/ESA_GLC10_label/aachen_18.tif,dataset/NRW_dataset/HR_ground_truth/aachen_18.tif
dataset/NRW_dataset/HR_image/koeln_2.tif,dataset/NRW_dataset/ESA_GLC10_label/koeln_2.tif,dataset/NRW_dataset/HR_ground_truth/koeln_2.tif
dataset/NRW_dataset/HR_image/duesseldorf_58.tif,dataset/NRW_dataset/ESA_GLC10_label/duesseldorf_58.tif,
dataset/NRW_dataset/HR_image/koeln_4.tif,dataset/NRW_dataset/ESA_GLC10_label/koeln_4.tif,dataset/NRW_dataset/HR_ground_truth/koeln_4.tif
dataset/NRW_dataset/HR_image/bielefeld_13.tif,dataset/NRW_dataset/ESA_GLC10_label/bielefeld_13.tif,
dataset/NRW_dataset/HR_image/dortmund_53.tif,dataset/NRW_dataset/ESA_GLC10_label/dortmund_53.tif,dataset/NRW_dataset/HR_ground_truth/dortmund_53.tif
dataset/NRW_dataset/HR_image/dortmund_16.tif,dataset/NRW_dataset/ESA_GLC10_label/dortmund_16.tif,dataset/NRW_dataset/HR_ground_truth/dortmund_16.tif
dataset/NRW_dataset/HR_image/koeln_28.tif,dataset/NRW_dataset/ESA_GLC10_label/koeln_28.tif,dataset/NRW_dataset/HR_ground_truth/koeln_28.tif
dataset/NRW_dataset/HR_image/dortmund_43.tif,dataset/NRW_dataset/ESA_GLC10_label/dortmund_43.tif,dataset/NRW_dataset/HR_ground_truth/dortmund_43.tif
dataset/NRW_dataset/HR_image/koeln_34.tif,dataset/NRW_dataset/ESA_GLC10_label/koeln_34.tif,dataset/NRW_dataset/HR_ground_truth/koeln_34.tif
dataset/NRW_dataset/HR_image/muenster_23.tif,dataset/NRW_dataset/ESA_GLC10_label/muenster_23.tif,dataset/NRW_dataset/HR_ground_truth/muenster_23.tif
dataset/NRW_dataset/HR_image/aachen_47.tif,dataset/NRW_dataset/ESA_GLC10_label/aachen_47.tif,dataset/NRW_dataset/HR_ground_truth/aachen_47.tif
dataset/NRW_dataset/HR_image/muenster_38.tif,dataset/NRW_dataset/ESA_GLC10_label/muenster_38.tif,dataset/NRW_dataset/HR_ground_truth/muenster_38.tif
dataset/NRW_dataset/HR_image/aachen_61.tif,dataset/NRW_dataset/ESA_GLC10_label/aachen_61.tif,
dataset/NRW_dataset/HR_image/bielefeld_26.tif,dataset/NRW_dataset/ESA_GLC10_label/bielefeld_26.tif,dataset/NRW_dataset/HR_ground_truth/bielefeld_26.tif
dataset/NRW_dataset/HR_image/dortmund_38.tif,dataset/NRW_dataset/ESA_GLC10_label/dortmund_38.tif,dataset/NRW_dataset/HR_ground_truth/dortmund_38.tif
dataset/NRW_dataset/HR_image/aachen_69.tif,dataset/NRW_dataset/ESA_GLC10_label/aachen_69.tif,
dataset/NRW_dataset/HR_image/muenster_18.tif,dataset/NRW_dataset/ESA_GLC10_label/muenster_18.tif,dataset/NRW_dataset/HR_ground_truth/muenster_18.tif
dataset/NRW_dataset/HR_image/dortmund_47.tif,dataset/NRW_dataset/ESA_GLC10_label/dortmund_47.tif,dataset/NRW_dataset/HR_ground_truth/dortmund_47.tif
dataset/NRW_dataset/HR_image/duesseldorf_15.tif,dataset/NRW_dataset/ESA_GLC10_label/duesseldorf_15.tif,
dataset/NRW_dataset/HR_image/koeln_21.tif,dataset/NRW_dataset/ESA_GLC10_label/koeln_21.tif,
dataset/NRW_dataset/HR_image/muenster_46.tif,dataset/NRW_dataset/ESA_GLC10_label/muenster_46.tif,
dataset/NRW_dataset/HR_image/dortmund_61.tif,dataset/NRW_dataset/ESA_GLC10_label/dortmund_61.tif,dataset/NRW_dataset/HR_ground_truth/dortmund_61.tif
dataset/NRW_dataset/HR_image/koeln_24.tif,dataset/NRW_dataset/ESA_GLC10_label/koeln_24.tif,
dataset/NRW_dataset/HR_image/dortmund_69.tif,dataset/NRW_dataset/ESA_GLC10_label/dortmund_69.tif,dataset/NRW_dataset/HR_ground_truth/dortmund_69.tif
dataset/NRW_dataset/HR_image/koeln_33.tif,dataset/NRW_dataset/ESA_GLC10_label/koeln_33.tif,dataset/NRW_dataset/HR_ground_truth/koeln_33.tif
dataset/NRW_dataset/HR_image/koeln_64.tif,dataset/NRW_dataset/ESA_GLC10_label/koeln_64.tif,dataset/NRW_dataset/HR_ground_truth/koeln_64.tif
dataset/NRW_dataset/HR_image/koeln_70.tif,dataset/NRW_dataset/ESA_GLC10_label/koeln_70.tif,dataset/NRW_dataset/HR_ground_truth/koeln_70.tif
dataset/NRW_dataset/HR_image/bielefeld_15.tif,dataset/NRW_dataset/ESA_GLC10_label/bielefeld_15.tif,dataset/NRW_dataset/HR_ground_truth/bielefeld_15.tif
dataset/NRW_dataset/HR_image/muenster_54.tif,dataset/NRW_dataset/ESA_GLC10_label/muenster_54.tif,
dataset/NRW_dataset/HR_image/koeln_47.tif,dataset/NRW_dataset/ESA_GLC10_label/koeln_47.tif,dataset/NRW_dataset/HR_ground_truth/koeln_47.tif
dataset/NRW_dataset/HR_image/duesseldorf_26.tif,dataset/NRW_dataset/ESA_GLC10_label/duesseldorf_26.tif,
dataset/NRW_dataset/HR_image/bielefeld_33.tif,dataset/NRW_dataset/ESA_GLC10_label/bielefeld_33.tif,dataset/NRW_dataset/HR_ground_truth/bielefeld_33.tif
dataset/NRW_dataset/HR_image/koeln_1.tif,dataset/NRW_dataset/ESA_GLC10_label/koeln_1.tif,dataset/NRW_dataset/HR_ground_truth/koeln_1.tif
dataset/NRW_dataset/HR_image/duesseldorf_39.tif,dataset/NRW_dataset/ESA_GLC10_label/duesseldorf_39.tif,dataset/NRW_dataset/HR_ground_truth/duesseldorf_39.tif
dataset/NRW_dataset/HR_image/koeln_7.tif,dataset/NRW_dataset/ESA_GLC10_label/koeln_7.tif,dataset/NRW_dataset/HR_ground_truth/koeln_7.tif
dataset/NRW_dataset/HR_image/bielefeld_48.tif,dataset/NRW_dataset/ESA_GLC10_label/bielefeld_48.tif,dataset/NRW_dataset/HR_ground_truth/bielefeld_48.tif
dataset/NRW_dataset/HR_image/muenster_57.tif,dataset/NRW_dataset/ESA_GLC10_label/muenster_57.tif,
dataset/NRW_dataset/HR_image/duesseldorf_29.tif,dataset/NRW_dataset/ESA_GLC10_label/duesseldorf_29.tif,dataset/NRW_dataset/HR_ground_truth/duesseldorf_29.tif
dataset/NRW_dataset/HR_image/dortmund_1.tif,dataset/NRW_dataset/ESA_GLC10_label/dortmund_1.tif,dataset/NRW_dataset/HR_ground_truth/dortmund_1.tif
dataset/NRW_dataset/HR_image/duesseldorf_13.tif,dataset/NRW_dataset/ESA_GLC10_label/duesseldorf_13.tif,dataset/NRW_dataset/HR_ground_truth/duesseldorf_13.tif
dataset/NRW_dataset/HR_image/bielefeld_44.tif,dataset/NRW_dataset/ESA_GLC10_label/bielefeld_44.tif,
dataset/NRW_dataset/HR_image/dortmund_48.tif,dataset/NRW_dataset/ESA_GLC10_label/dortmund_48.tif,dataset/NRW_dataset/HR_ground_truth/dortmund_48.tif
dataset/NRW_dataset/HR_image/aachen_64.tif,dataset/NRW_dataset/ESA_GLC10_label/aachen_64.tif,dataset/NRW_dataset/HR_ground_truth/aachen_64.tif
dataset/NRW_dataset/HR_image/dortmund_54.tif,dataset/NRW_dataset/ESA_GLC10_label/dortmund_54.tif,dataset/NRW_dataset/HR_ground_truth/dortmund_54.tif
dataset/NRW_dataset/HR_image/bielefeld_37.tif,dataset/NRW_dataset/ESA_GLC10_label/bielefeld_37.tif,
dataset/NRW_dataset/HR_image/bielefeld_22.tif,dataset/NRW_dataset/ESA_GLC10_label/bielefeld_22.tif,dataset/NRW_dataset/HR_ground_truth/bielefeld_22.tif
dataset/NRW_dataset/HR_image/dortmund_66.tif,dataset/NRW_dataset/ESA_GLC10_label/dortmund_66.tif,
dataset/NRW_dataset/HR_image/bielefeld_8.tif,dataset/NRW_dataset/ESA_GLC10_label/bielefeld_8.tif,dataset/NRW_dataset/HR_ground_truth/bielefeld_8.tif
dataset/NRW_dataset/HR_image/aachen_55.tif,dataset/NRW_dataset/ESA_GLC10_label/aachen_55.tif,dataset/NRW_dataset/HR_ground_truth/aachen_55.tif
dataset/NRW_dataset/HR_image/muenster_50.tif,dataset/NRW_dataset/ESA_GLC10_label/muenster_50.tif,dataset/NRW_dataset/HR_ground_truth/muenster_50.tif
dataset/NRW_dataset/HR_image/duesseldorf_48.tif,dataset/NRW_dataset/ESA_GLC10_label/duesseldorf_48.tif,dataset/NRW_dataset/HR_ground_truth/duesseldorf_48.tif
dataset/NRW_dataset/HR_image/koeln_22.tif,dataset/NRW_dataset/ESA_GLC10_label/koeln_22.tif,
dataset/NRW_dataset/HR_image/koeln_12.tif,dataset/NRW_dataset/ESA_GLC10_label/koeln_12.tif,
dataset/NRW_dataset/HR_image/dortmund_55.tif,dataset/NRW_dataset/ESA_GLC10_label/dortmund_55.tif,dataset/NRW_dataset/HR_ground_truth/dortmund_55.tif
dataset/NRW_dataset/HR_image/bielefeld_23.tif,dataset/NRW_dataset/ESA_GLC10_label/bielefeld_23.tif,dataset/NRW_dataset/HR_ground_truth/bielefeld_23.tif
dataset/NRW_dataset/HR_image/bielefeld_36.tif,dataset/NRW_dataset/ESA_GLC10_label/bielefeld_36.tif,
dataset/NRW_dataset/HR_image/bielefeld_4.tif,dataset/NRW_dataset/ESA_GLC10_label/bielefeld_4.tif,dataset/NRW_dataset/HR_ground_truth/bielefeld_4.tif
dataset/NRW_dataset/HR_image/dortmund_17.tif,dataset/NRW_dataset/ESA_GLC10_label/dortmund_17.tif,
dataset/NRW_dataset/HR_image/bielefeld_31.tif,dataset/NRW_dataset/ESA_GLC10_label/bielefeld_31.tif,dataset/NRW_dataset/HR_ground_truth/bielefeld_31.tif
dataset/NRW_dataset/HR_image/aachen_8.tif,dataset/NRW_dataset/ESA_GLC10_label/aachen_8.tif,dataset/NRW_dataset/HR_ground_truth/aachen_8.tif
dataset/NRW_dataset/HR_image/duesseldorf_56.tif,dataset/NRW_dataset/ESA_GLC10_label/duesseldorf_56.tif,
dataset/NRW_dataset/HR_image/bielefeld_19.tif,dataset/NRW_dataset/ESA_GLC10_label/bielefeld_19.tif,dataset/NRW_dataset/HR_ground_truth/bielefeld_19.tif
dataset/NRW_dataset/HR_image/dortmund_25.tif,dataset/NRW_dataset/ESA_GLC10_label/dortmund_25.tif,dataset/NRW_dataset/HR_ground_truth/dortmund_25.tif
dataset/NRW_dataset/HR_image/aachen_68.tif,dataset/NRW_dataset/ESA_GLC10_label/aachen_68.tif,dataset/NRW_dataset/HR_ground_truth/aachen_68.tif
dataset/NRW_dataset/HR_image/aachen_57.tif,dataset/NRW_dataset/ESA_GLC10_label/aachen_57.tif,dataset/NRW_dataset/HR_ground_truth/aachen_57.tif
dataset/NRW_dataset/HR_image/duesseldorf_31.tif,dataset/NRW_dataset/ESA_GLC10_label/duesseldorf_31.tif,
dataset/NRW_dataset/HR_image/bielefeld_40.tif,dataset/NRW_dataset/ESA_GLC10_label/bielefeld_40.tif,dataset/NRW_dataset/HR_ground_truth/bielefeld_40.tif
dataset/NRW_dataset/HR_image/duesseldorf_66.tif,dataset/NRW_dataset/ESA_GLC10_label/duesseldorf_66.tif,
dataset/NRW_dataset/HR_image/muenster_58.tif,dataset/NRW_dataset/ESA_GLC10_label/muenster_58.tif,
dataset/NRW_dataset/HR_image/koeln_59.tif,dataset/NRW_dataset/ESA_GLC10_label/koeln_59.tif,dataset/NRW_dataset/HR_ground_truth/koeln_59.tif
dataset/NRW_dataset/HR_image/duesseldorf_49.tif,dataset/NRW_dataset/ESA_GLC10_label/duesseldorf_49.tif,dataset/NRW_dataset/HR_ground_truth/duesseldorf_49.tif
dataset/NRW_dataset/HR_image/muenster_28.tif,dataset/NRW_dataset/ESA_GLC10_label/muenster_28.tif,
dataset/NRW_dataset/HR_image/muenster_5.tif,dataset/NRW_dataset/ESA_GLC10_label/muenster_5.tif,dataset/NRW_dataset/HR_ground_truth/muenster_5.tif
dataset/NRW_dataset/HR_image/dortmund_37.tif,dataset/NRW_dataset/ESA_GLC10_label/dortmund_37.tif,dataset/NRW_dataset/HR_ground_truth/dortmund_37.tif
dataset/NRW_dataset/HR_image/dortmund_60.tif,dataset/NRW_dataset/ESA_GLC10_label/dortmund_60.tif,dataset/NRW_dataset/HR_ground_truth/dortmund_60.tif
dataset/NRW_dataset/HR_image/dortmund_42.tif,dataset/NRW_dataset/ESA_GLC10_label/dortmund_42.tif,
dataset/NRW_dataset/HR_image/dortmund_19.tif,dataset/NRW_dataset/ESA_GLC10_label/dortmund_19.tif,dataset/NRW_dataset/HR_ground_truth/dortmund_19.tif
dataset/NRW_dataset/HR_image/aachen_30.tif,dataset/NRW_dataset/ESA_GLC10_label/aachen_30.tif,dataset/NRW_dataset/HR_ground_truth/aachen_30.tif
dataset/NRW_dataset/HR_image/dortmund_56.tif,dataset/NRW_dataset/ESA_GLC10_label/dortmund_56.tif,dataset/NRW_dataset/HR_ground_truth/dortmund_56.tif
dataset/NRW_dataset/HR_image/duesseldorf_19.tif,dataset/NRW_dataset/ESA_GLC10_label/duesseldorf_19.tif,dataset/NRW_dataset/HR_ground_truth/duesseldorf_19.tif
dataset/NRW_dataset/HR_image/koeln_39.tif,dataset/NRW_dataset/ESA_GLC10_label/koeln_39.tif,dataset/NRW_dataset/HR_ground_truth/koeln_39.tif
dataset/NRW_dataset/HR_image/duesseldorf_23.tif,dataset/NRW_dataset/ESA_GLC10_label/duesseldorf_23.tif,
dataset/NRW_dataset/HR_image/muenster_69.tif,dataset/NRW_dataset/ESA_GLC10_label/muenster_69.tif,
dataset/NRW_dataset/HR_image/koeln_14.tif,dataset/NRW_dataset/ESA_GLC10_label/koeln_14.tif,dataset/NRW_dataset/HR_ground_truth/koeln_14.tif
dataset/NRW_dataset/HR_image/bielefeld_47.tif,dataset/NRW_dataset/ESA_GLC10_label/bielefeld_47.tif,dataset/NRW_dataset/HR_ground_truth/bielefeld_47.tif
dataset/NRW_dataset/HR_image/dortmund_7.tif,dataset/NRW_dataset/ESA_GLC10_label/dortmund_7.tif,
dataset/NRW_dataset/HR_image/dortmund_49.tif,dataset/NRW_dataset/ESA_GLC10_label/dortmund_49.tif,
dataset/NRW_dataset/HR_image/muenster_66.tif,dataset/NRW_dataset/ESA_GLC10_label/muenster_66.tif,dataset/NRW_dataset/HR_ground_truth/muenster_66.tif
dataset/NRW_dataset/HR_image/aachen_31.tif,dataset/NRW_dataset/ESA_GLC10_label/aachen_31.tif,dataset/NRW_dataset/HR_ground_truth/aachen_31.tif
dataset/NRW_dataset/HR_image/muenster_20.tif,dataset/NRW_dataset/ESA_GLC10_label/muenster_20.tif,dataset/NRW_dataset/HR_ground_truth/muenster_20.tif
dataset/NRW_dataset/HR_image/duesseldorf_21.tif,dataset/NRW_dataset/ESA_GLC10_label/duesseldorf_21.tif,
dataset/NRW_dataset/HR_image/bielefeld_49.tif,dataset/NRW_dataset/ESA_GLC10_label/bielefeld_49.tif,dataset/NRW_dataset/HR_ground_truth/bielefeld_49.tif
dataset/NRW_dataset/HR_image/koeln_37.tif,dataset/NRW_dataset/ESA_GLC10_label/koeln_37.tif,dataset/NRW_dataset/HR_ground_truth/koeln_37.tif
dataset/NRW_dataset/HR_image/dortmund_12.tif,dataset/NRW_dataset/ESA_GLC10_label/dortmund_12.tif,dataset/NRW_dataset/HR_ground_truth/dortmund_12.tif
dataset/NRW_dataset/HR_image/dortmund_64.tif,dataset/NRW_dataset/ESA_GLC10_label/dortmund_64.tif,
dataset/NRW_dataset/HR_image/muenster_9.tif,dataset/NRW_dataset/ESA_GLC10_label/muenster_9.tif,
dataset/NRW_dataset/HR_image/duesseldorf_33.tif,dataset/NRW_dataset/ESA_GLC10_label/duesseldorf_33.tif,
dataset/NRW_dataset/HR_image/muenster_1.tif,dataset/NRW_dataset/ESA_GLC10_label/muenster_1.tif,dataset/NRW_dataset/HR_ground_truth/muenster_1.tif
dataset/NRW_dataset/HR_image/bielefeld_41.tif,dataset/NRW_dataset/ESA_GLC10_label/bielefeld_41.tif,dataset/NRW_dataset/HR_ground_truth/bielefeld_41.tif
dataset/NRW_dataset/HR_image/dortmund_22.tif,dataset/NRW_dataset/ESA_GLC10_label/dortmund_22.tif,dataset/NRW_dataset/HR_ground_truth/dortmund_22.tif
dataset/NRW_dataset/HR_image/duesseldorf_50.tif,dataset/NRW_dataset/ESA_GLC10_label/duesseldorf_50.tif,dataset/NRW_dataset/HR_ground_truth/duesseldorf_50.tif
dataset/NRW_dataset/HR_image/dortmund_51.tif,dataset/NRW_dataset/ESA_GLC10_label/dortmund_51.tif,dataset/NRW_dataset/HR_ground_truth/dortmund_51.tif
dataset/NRW_dataset/HR_image/bielefeld_63.tif,dataset/NRW_dataset/ESA_GLC10_label/bielefeld_63.tif,dataset/NRW_dataset/HR_ground_truth/bielefeld_63.tif
dataset/NRW_dataset/HR_image/duesseldorf_12.tif,dataset/NRW_dataset/ESA_GLC10_label/duesseldorf_12.tif,dataset/NRW_dataset/HR_ground_truth/duesseldorf_12.tif
dataset/NRW_dataset/HR_image/dortmund_14.tif,dataset/NRW_dataset/ESA_GLC10_label/dortmund_14.tif,dataset/NRW_dataset/HR_ground_truth/dortmund_14.tif
dataset/NRW_dataset/HR_image/aachen_25.tif,dataset/NRW_dataset/ESA_GLC10_label/aachen_25.tif,
dataset/NRW_dataset/HR_image/muenster_37.tif,dataset/NRW_dataset/ESA_GLC10_label/muenster_37.tif,dataset/NRW_dataset/HR_ground_truth/muenster_37.tif
dataset/NRW_dataset/HR_image/bielefeld_39.tif,dataset/NRW_dataset/ESA_GLC10_label/bielefeld_39.tif,dataset/NRW_dataset/HR_ground_truth/bielefeld_39.tif
dataset/NRW_dataset/HR_image/koeln_32.tif,dataset/NRW_dataset/ESA_GLC10_label/koeln_32.tif,
dataset/NRW_dataset/HR_image/duesseldorf_8.tif,dataset/NRW_dataset/ESA_GLC10_label/duesseldorf_8.tif,dataset/NRW_dataset/HR_ground_truth/duesseldorf_8.tif
dataset/NRW_dataset/HR_image/bielefeld_25.tif,dataset/NRW_dataset/ESA_GLC10_label/bielefeld_25.tif,dataset/NRW_dataset/HR_ground_truth/bielefeld_25.tif
dataset/NRW_dataset/HR_image/muenster_22.tif,dataset/NRW_dataset/ESA_GLC10_label/muenster_22.tif,dataset/NRW_dataset/HR_ground_truth/muenster_22.tif
dataset/NRW_dataset/HR_image/bielefeld_35.tif,dataset/NRW_dataset/ESA_GLC10_label/bielefeld_35.tif,dataset/NRW_dataset/HR_ground_truth/bielefeld_35.tif
dataset/NRW_dataset/HR_image/muenster_30.tif,dataset/NRW_dataset/ESA_GLC10_label/muenster_30.tif,dataset/NRW_dataset/HR_ground_truth/muenster_30.tif
dataset/NRW_dataset/HR_image/bielefeld_66.tif,dataset/NRW_dataset/ESA_GLC10_label/bielefeld_66.tif,dataset/NRW_dataset/HR_ground_truth/bielefeld_66.tif
dataset/NRW_dataset/HR_image/aachen_11.tif,dataset/NRW_dataset/ESA_GLC10_label/aachen_11.tif,dataset/NRW_dataset/HR_ground_truth/aachen_11.tif
dataset/NRW_dataset/HR_image/aachen_26.tif,dataset/NRW_dataset/ESA_GLC10_label/aachen_26.tif,dataset/NRW_dataset/HR_ground_truth/aachen_26.tif
dataset/NRW_dataset/HR_image/dortmund_32.tif,dataset/NRW_dataset/ESA_GLC10_label/dortmund_32.tif,dataset/NRW_dataset/HR_ground_truth/dortmund_32.tif
dataset/NRW_dataset/HR_image/aachen_28.tif,dataset/NRW_dataset/ESA_GLC10_label/aachen_28.tif,dataset/NRW_dataset/HR_ground_truth/aachen_28.tif
dataset/NRW_dataset/HR_image/muenster_39.tif,dataset/NRW_dataset/ESA_GLC10_label/muenster_39.tif,dataset/NRW_dataset/HR_ground_truth/muenster_39.tif
dataset/NRW_dataset/HR_image/dortmund_18.tif,dataset/NRW_dataset/ESA_GLC10_label/dortmund_18.tif,
dataset/NRW_dataset/HR_image/koeln_52.tif,dataset/NRW_dataset/ESA_GLC10_label/koeln_52.tif,
dataset/NRW_dataset/HR_image/dortmund_11.tif,dataset/NRW_dataset/ESA_GLC10_label/dortmund_11.tif,
dataset/NRW_dataset/HR_image/bielefeld_57.tif,dataset/NRW_dataset/ESA_GLC10_label/bielefeld_57.tif,dataset/NRW_dataset/HR_ground_truth/bielefeld_57.tif
dataset/NRW_dataset/HR_image/duesseldorf_47.tif,dataset/NRW_dataset/ESA_GLC10_label/duesseldorf_47.tif,
dataset/NRW_dataset/HR_image/aachen_19.tif,dataset/NRW_dataset/ESA_GLC10_label/aachen_19.tif,dataset/NRW_dataset/HR_ground_truth/aachen_19.tif
dataset/NRW_dataset/HR_image/koeln_49.tif,dataset/NRW_dataset/ESA_GLC10_label/koeln_49.tif,dataset/NRW_dataset/HR_ground_truth/koeln_49.tif
dataset/NRW_dataset/HR_image/bielefeld_67.tif,dataset/NRW_dataset/ESA_GLC10_label/bielefeld_67.tif,dataset/NRW_dataset/HR_ground_truth/bielefeld_67.tif
dataset/NRW_dataset/HR_image/bielefeld_14.tif,dataset/NRW_dataset/ESA_GLC10_label/bielefeld_14.tif,dataset/NRW_dataset/HR_ground_truth/bielefeld_14.tif
dataset/NRW_dataset/HR_image/muenster_53.tif,dataset/NRW_dataset/ESA_GLC10_label/muenster_53.tif,
dataset/NRW_dataset/HR_image/muenster_25.tif,dataset/NRW_dataset/ESA_GLC10_label/muenster_25.tif,dataset/NRW_dataset/HR_ground_truth/muenster_25.tif
dataset/NRW_dataset/HR_image/dortmund_68.tif,dataset/NRW_dataset/ESA_GLC10_label/dortmund_68.tif,dataset/NRW_dataset/HR_ground_truth/dortmund_68.tif
dataset/NRW_dataset/HR_image/dortmund_41.tif,dataset/NRW_dataset/ESA_GLC10_label/dortmund_41.tif,dataset/NRW_dataset/HR_ground_truth/dortmund_41.tif
dataset/NRW_dataset/HR_image/bielefeld_18.tif,dataset/NRW_dataset/ESA_GLC10_label/bielefeld_18.tif,dataset/NRW_dataset/HR_ground_truth/bielefeld_18.tif
dataset/NRW_dataset/HR_image/aachen_16.tif,dataset/NRW_dataset/ESA_GLC10_label/aachen_16.tif,dataset/NRW_dataset/HR_ground_truth/aachen_16.tif
dataset/NRW_dataset/HR_image/dortmund_39.tif,dataset/NRW_dataset/ESA_GLC10_label/dortmund_39.tif,dataset/NRW_dataset/HR_ground_truth/dortmund_39.tif
dataset/NRW_dataset/HR_image/dortmund_62.tif,dataset/NRW_dataset/ESA_GLC10_label/dortmund_62.tif,dataset/NRW_dataset/HR_ground_truth/dortmund_62.tif
dataset/NRW_dataset/HR_image/aachen_22.tif,dataset/NRW_dataset/ESA_GLC10_label/aachen_22.tif,dataset/NRW_dataset/HR_ground_truth/aachen_22.tif
dataset/NRW_dataset/HR_image/muenster_41.tif,dataset/NRW_dataset/ESA_GLC10_label/muenster_41.tif,
dataset/NRW_dataset/HR_image/duesseldorf_28.tif,dataset/NRW_dataset/ESA_GLC10_label/duesseldorf_28.tif,dataset/NRW_dataset/HR_ground_truth/duesseldorf_28.tif
dataset/NRW_dataset/HR_image/bielefeld_69.tif,dataset/NRW_dataset/ESA_GLC10_label/bielefeld_69.tif,
dataset/NRW_dataset/HR_image/aachen_15.tif,dataset/NRW_dataset/ESA_GLC10_label/aachen_15.tif,dataset/NRW_dataset/HR_ground_truth/aachen_15.tif
dataset/NRW_dataset/HR_image/duesseldorf_20.tif,dataset/NRW_dataset/ESA_GLC10_label/duesseldorf_20.tif,
dataset/NRW_dataset/HR_image/duesseldorf_43.tif,dataset/NRW_dataset/ESA_GLC10_label/duesseldorf_43.tif,dataset/NRW_dataset/HR_ground_truth/duesseldorf_43.tif
dataset/NRW_dataset/HR_image/aachen_67.tif,dataset/NRW_dataset/ESA_GLC10_label/aachen_67.tif,dataset/NRW_dataset/HR_ground_truth/aachen_67.tif
dataset/NRW_dataset/HR_image/bielefeld_12.tif,dataset/NRW_dataset/ESA_GLC10_label/bielefeld_12.tif,dataset/NRW_dataset/HR_ground_truth/bielefeld_12.tif
dataset/NRW_dataset/HR_image/muenster_45.tif,dataset/NRW_dataset/ESA_GLC10_label/muenster_45.tif,
dataset/NRW_dataset/HR_image/aachen_13.tif,dataset/NRW_dataset/ESA_GLC10_label/aachen_13.tif,dataset/NRW_dataset/HR_ground_truth/aachen_13.tif
dataset/NRW_dataset/HR_image/koeln_53.tif,dataset/NRW_dataset/ESA_GLC10_label/koeln_53.tif,dataset/NRW_dataset/HR_ground_truth/koeln_53.tif
dataset/NRW_dataset/HR_image/muenster_17.tif,dataset/NRW_dataset/ESA_GLC10_label/muenster_17.tif,
dataset/NRW_dataset/HR_image/aachen_32.tif,dataset/NRW_dataset/ESA_GLC10_label/aachen_32.tif,dataset/NRW_dataset/HR_ground_truth/aachen_32.tif
dataset/NRW_dataset/HR_image/bielefeld_6.tif,dataset/NRW_dataset/ESA_GLC10_label/bielefeld_6.tif,
dataset/NRW_dataset/HR_image/koeln_26.tif,dataset/NRW_dataset/ESA_GLC10_label/koeln_26.tif,
dataset/NRW_dataset/HR_image/bielefeld_17.tif,dataset/NRW_dataset/ESA_GLC10_label/bielefeld_17.tif,
dataset/NRW_dataset/HR_image/aachen_38.tif,dataset/NRW_dataset/ESA_GLC10_label/aachen_38.tif,
dataset/NRW_dataset/HR_image/dortmund_31.tif,dataset/NRW_dataset/ESA_GLC10_label/dortmund_31.tif,dataset/NRW_dataset/HR_ground_truth/dortmund_31.tif
dataset/NRW_dataset/HR_image/koeln_11.tif,dataset/NRW_dataset/ESA_GLC10_label/koeln_11.tif,
dataset/NRW_dataset/HR_image/duesseldorf_60.tif,dataset/NRW_dataset/ESA_GLC10_label/duesseldorf_60.tif,dataset/NRW_dataset/HR_ground_truth/duesseldorf_60.tif
dataset/NRW_dataset/HR_image/koeln_10.tif,dataset/NRW_dataset/ESA_GLC10_label/koeln_10.tif,
dataset/NRW_dataset/HR_image/dortmund_70.tif,dataset/NRW_dataset/ESA_GLC10_label/dortmund_70.tif,dataset/NRW_dataset/HR_ground_truth/dortmund_70.tif
dataset/NRW_dataset/HR_image/koeln_48.tif,dataset/NRW_dataset/ESA_GLC10_label/koeln_48.tif,
dataset/NRW_dataset/HR_image/bielefeld_27.tif,dataset/NRW_dataset/ESA_GLC10_label/bielefeld_27.tif,dataset/NRW_dataset/HR_ground_truth/bielefeld_27.tif
dataset/NRW_dataset/HR_image/aachen_44.tif,dataset/NRW_dataset/ESA_GLC10_label/aachen_44.tif,
dataset/NRW_dataset/HR_image/bielefeld_54.tif,dataset/NRW_dataset/ESA_GLC10_label/bielefeld_54.tif,
dataset/NRW_dataset/HR_image/bielefeld_59.tif,dataset/NRW_dataset/ESA_GLC10_label/bielefeld_59.tif,dataset/NRW_dataset/HR_ground_truth/bielefeld_59.tif
dataset/NRW_dataset/HR_image/dortmund_35.tif,dataset/NRW_dataset/ESA_GLC10_label/dortmund_35.tif,dataset/NRW_dataset/HR_ground_truth/dortmund_35.tif
dataset/NRW_dataset/HR_image/dortmund_63.tif,dataset/NRW_dataset/ESA_GLC10_label/dortmund_63.tif,dataset/NRW_dataset/HR_ground_truth/dortmund_63.tif
dataset/NRW_dataset/HR_image/bielefeld_3.tif,dataset/NRW_dataset/ESA_GLC10_label/bielefeld_3.tif,
dataset/NRW_dataset/HR_image/muenster_14.tif,dataset/NRW_dataset/ESA_GLC10_label/muenster_14.tif,dataset/NRW_dataset/HR_ground_truth/muenster_14.tif
dataset/NRW_dataset/HR_image/muenster_6.tif,dataset/NRW_dataset/ESA_GLC10_label/muenster_6.tif,dataset/NRW_dataset/HR_ground_truth/muenster_6.tif
dataset/NRW_dataset/HR_image/dortmund_27.tif,dataset/NRW_dataset/ESA_GLC10_label/dortmund_27.tif,dataset/NRW_dataset/HR_ground_truth/dortmund_27.tif
dataset/NRW_dataset/HR_image/duesseldorf_54.tif,dataset/NRW_dataset/ESA_GLC10_label/duesseldorf_54.tif,dataset/NRW_dataset/HR_ground_truth/duesseldorf_54.tif
dataset/NRW_dataset/HR_image/duesseldorf_57.tif,dataset/NRW_dataset/ESA_GLC10_label/duesseldorf_57.tif,dataset/NRW_dataset/HR_ground_truth/duesseldorf_57.tif
dataset/NRW_dataset/HR_image/aachen_58.tif,dataset/NRW_dataset/ESA_GLC10_label/aachen_58.tif,
dataset/NRW_dataset/HR_image/bielefeld_20.tif,dataset/NRW_dataset/ESA_GLC10_label/bielefeld_20.tif,dataset/NRW_dataset/HR_ground_truth/bielefeld_20.tif
dataset/NRW_dataset/HR_image/dortmund_3.tif,dataset/NRW_dataset/ESA_GLC10_label/dortmund_3.tif,
dataset/NRW_dataset/HR_image/bielefeld_29.tif,dataset/NRW_dataset/ESA_GLC10_label/bielefeld_29.tif,dataset/NRW_dataset/HR_ground_truth/bielefeld_29.tif
dataset/NRW_dataset/HR_image/duesseldorf_51.tif,dataset/NRW_dataset/ESA_GLC10_label/duesseldorf_51.tif,dataset/NRW_dataset/HR_ground_truth/duesseldorf_51.tif
dataset/NRW_dataset/HR_image/bielefeld_60.tif,dataset/NRW_dataset/ESA_GLC10_label/bielefeld_60.tif,dataset/NRW_dataset/HR_ground_truth/bielefeld_60.tif
dataset/NRW_dataset/HR_image/muenster_62.tif,dataset/NRW_dataset/ESA_GLC10_label/muenster_62.tif,dataset/NRW_dataset/HR_ground_truth/muenster_62.tif
dataset/NRW_dataset/HR_image/bielefeld_5.tif,dataset/NRW_dataset/ESA_GLC10_label/bielefeld_5.tif,
dataset/NRW_dataset/HR_image/dortmund_30.tif,dataset/NRW_dataset/ESA_GLC10_label/dortmund_30.tif,dataset/NRW_dataset/HR_ground_truth/dortmund_30.tif
dataset/NRW_dataset/HR_image/koeln_35.tif,dataset/NRW_dataset/ESA_GLC10_label/koeln_35.tif,dataset/NRW_dataset/HR_ground_truth/koeln_35.tif
dataset/NRW_dataset/HR_image/aachen_62.tif,dataset/NRW_dataset/ESA_GLC10_label/aachen_62.tif,
dataset/NRW_dataset/HR_image/koeln_57.tif,dataset/NRW_dataset/ESA_GLC10_label/koeln_57.tif,
dataset/NRW_dataset/HR_image/bielefeld_21.tif,dataset/NRW_dataset/ESA_GLC10_label/bielefeld_21.tif,dataset/NRW_dataset/HR_ground_truth/bielefeld_21.tif
dataset/NRW_dataset/HR_image/duesseldorf_62.tif,dataset/NRW_dataset/ESA_GLC10_label/duesseldorf_62.tif,dataset/NRW_dataset/HR_ground_truth/duesseldorf_62.tif
dataset/NRW_dataset/HR_image/bielefeld_38.tif,dataset/NRW_dataset/ESA_GLC10_label/bielefeld_38.tif,dataset/NRW_dataset/HR_ground_truth/bielefeld_38.tif
dataset/NRW_dataset/HR_image/bielefeld_56.tif,dataset/NRW_dataset/ESA_GLC10_label/bielefeld_56.tif,dataset/NRW_dataset/HR_ground_truth/bielefeld_56.tif
dataset/NRW_dataset/HR_image/dortmund_57.tif,dataset/NRW_dataset/ESA_GLC10_label/dortmund_57.tif,
dataset/NRW_dataset/HR_image/dortmund_6.tif,dataset/NRW_dataset/ESA_GLC10_label/dortmund_6.tif,
dataset/NRW_dataset/HR_image/aachen_24.tif,dataset/NRW_dataset/ESA_GLC10_label/aachen_24.tif,dataset/NRW_dataset/HR_ground_truth/aachen_24.tif
dataset/NRW_dataset/HR_image/duesseldorf_4.tif,dataset/NRW_dataset/ESA_GLC10_label/duesseldorf_4.tif,
dataset/NRW_dataset/HR_image/muenster_27.tif,dataset/NRW_dataset/ESA_GLC10_label/muenster_27.tif,dataset/NRW_dataset/HR_ground_truth/muenster_27.tif
dataset/NRW_dataset/HR_image/aachen_34.tif,dataset/NRW_dataset/ESA_GLC10_label/aachen_34.tif,
dataset/NRW_dataset/HR_image/duesseldorf_3.tif,dataset/NRW_dataset/ESA_GLC10_label/duesseldorf_3.tif,dataset/NRW_dataset/HR_ground_truth/duesseldorf_3.tif
dataset/NRW_dataset/HR_image/muenster_13.tif,dataset/NRW_dataset/ESA_GLC10_label/muenster_13.tif,dataset/NRW_dataset/HR_ground_truth/muenster_13.tif
dataset/NRW_dataset/HR_image/dortmund_23.tif,dataset/NRW_dataset/ESA_GLC10_label/dortmund_23.tif,
dataset/NRW_dataset/HR_image/duesseldorf_17.tif,dataset/NRW_dataset/ESA_GLC10_label/duesseldorf_17.tif,
dataset/NRW_dataset/HR_image/koeln_50.tif,dataset/NRW_dataset/ESA_GLC10_label/koeln_50.tif,dataset/NRW_dataset/HR_ground_truth/koeln_50.tif
dataset/NRW_dataset/HR_image/muenster_21.tif,dataset/NRW_dataset/ESA_GLC10_label/muenster_21.tif,dataset/NRW_dataset/HR_ground_truth/muenster_21.tif
dataset/NRW_dataset/HR_image/koeln_19.tif,dataset/NRW_dataset/ESA_GLC10_label/koeln_19.tif,dataset/NRW_dataset/HR_ground_truth/koeln_19.tif
dataset/NRW_dataset/HR_image/muenster_3.tif,dataset/NRW_dataset/ESA_GLC10_label/muenster_3.tif,dataset/NRW_dataset/HR_ground_truth/muenster_3.tif
dataset/NRW_dataset/HR_image/duesseldorf_32.tif,dataset/NRW_dataset/ESA_GLC10_label/duesseldorf_32.tif,dataset/NRW_dataset/HR_ground_truth/duesseldorf_32.tif
dataset/NRW_dataset/HR_image/duesseldorf_67.tif,dataset/NRW_dataset/ESA_GLC10_label/duesseldorf_67.tif,dataset/NRW_dataset/HR_ground_truth/duesseldorf_67.tif
dataset/NRW_dataset/HR_image/muenster_29.tif,dataset/NRW_dataset/ESA_GLC10_label/muenster_29.tif,dataset/NRW_dataset/HR_ground_truth/muenster_29.tif
dataset/NRW_dataset/HR_image/koeln_40.tif,dataset/NRW_dataset/ESA_GLC10_label/koeln_40.tif,dataset/NRW_dataset/HR_ground_truth/koeln_40.tif
dataset/NRW_dataset/HR_image/muenster_31.tif,dataset/NRW_dataset/ESA_GLC10_label/muenster_31.tif,dataset/NRW_dataset/HR_ground_truth/muenster_31.tif
dataset/NRW_dataset/HR_image/aachen_40.tif,dataset/NRW_dataset/ESA_GLC10_label/aachen_40.tif,
dataset/NRW_dataset/HR_image/dortmund_46.tif,dataset/NRW_dataset/ESA_GLC10_label/dortmund_46.tif,dataset/NRW_dataset/HR_ground_truth/dortmund_46.tif
dataset/NRW_dataset/HR_image/aachen_14.tif,dataset/NRW_dataset/ESA_GLC10_label/aachen_14.tif,dataset/NRW_dataset/HR_ground_truth/aachen_14.tif
dataset/NRW_dataset/HR_image/koeln_25.tif,dataset/NRW_dataset/ESA_GLC10_label/koeln_25.tif,dataset/NRW_dataset/HR_ground_truth/koeln_25.tif
dataset/NRW_dataset/HR_image/duesseldorf_42.tif,dataset/NRW_dataset/ESA_GLC10_label/duesseldorf_42.tif,
dataset/NRW_dataset/HR_image/duesseldorf_14.tif,dataset/NRW_dataset/ESA_GLC10_label/duesseldorf_14.tif,
dataset/NRW_dataset/HR_image/koeln_55.tif,dataset/NRW_dataset/ESA_GLC10_label/koeln_55.tif,dataset/NRW_dataset/HR_ground_truth/koeln_55.tif
dataset/NRW_dataset/HR_image/bielefeld_55.tif,dataset/NRW_dataset/ESA_GLC10_label/bielefeld_55.tif,dataset/NRW_dataset/HR_ground_truth/bielefeld_55.tif
dataset/NRW_dataset/HR_image/muenster_35.tif,dataset/NRW_dataset/ESA_GLC10_label/muenster_35.tif,
dataset/NRW_dataset/HR_image/muenster_40.tif,dataset/NRW_dataset/ESA_GLC10_label/muenster_40.tif,dataset/NRW_dataset/HR_ground_truth/muenster_40.tif
dataset/NRW_dataset/HR_image/duesseldorf_16.tif,dataset/NRW_dataset/ESA_GLC10_label/duesseldorf_16.tif,dataset/NRW_dataset/HR_ground_truth/duesseldorf_16.tif
dataset/NRW_dataset/HR_image/aachen_35.tif,dataset/NRW_dataset/ESA_GLC10_label/aachen_35.tif,dataset/NRW_dataset/HR_ground_truth/aachen_35.tif
dataset/NRW_dataset/HR_image/muenster_11.tif,dataset/NRW_dataset/ESA_GLC10_label/muenster_11.tif,dataset/NRW_dataset/HR_ground_truth/muenster_11.tif
dataset/NRW_dataset/HR_image/aachen_17.tif,dataset/NRW_dataset/ESA_GLC10_label/aachen_17.tif,
dataset/NRW_dataset/HR_image/muenster_63.tif,dataset/NRW_dataset/ESA_GLC10_label/muenster_63.tif,dataset/NRW_dataset/HR_ground_truth/muenster_63.tif
dataset/NRW_dataset/HR_image/duesseldorf_38.tif,dataset/NRW_dataset/ESA_GLC10_label/duesseldorf_38.tif,dataset/NRW_dataset/HR_ground_truth/duesseldorf_38.tif
dataset/NRW_dataset/HR_image/aachen_56.tif,dataset/NRW_dataset/ESA_GLC10_label/aachen_56.tif,dataset/NRW_dataset/HR_ground_truth/aachen_56.tif
dataset/NRW_dataset/HR_image/bielefeld_30.tif,dataset/NRW_dataset/ESA_GLC10_label/bielefeld_30.tif,
dataset/NRW_dataset/HR_image/koeln_65.tif,dataset/NRW_dataset/ESA_GLC10_label/koeln_65.tif,
dataset/NRW_dataset/HR_image/muenster_65.tif,dataset/NRW_dataset/ESA_GLC10_label/muenster_65.tif,
dataset/NRW_dataset/HR_image/duesseldorf_61.tif,dataset/NRW_dataset/ESA_GLC10_label/duesseldorf_61.tif,dataset/NRW_dataset/HR_ground_truth/duesseldorf_61.tif
dataset/NRW_dataset/HR_image/muenster_19.tif,dataset/NRW_dataset/ESA_GLC10_label/muenster_19.tif,dataset/NRW_dataset/HR_ground_truth/muenster_19.tif
dataset/NRW_dataset/HR_image/bielefeld_68.tif,dataset/NRW_dataset/ESA_GLC10_label/bielefeld_68.tif,dataset/NRW_dataset/HR_ground_truth/bielefeld_68.tif
dataset/NRW_dataset/HR_image/koeln_3.tif,dataset/NRW_dataset/ESA_GLC10_label/koeln_3.tif,dataset/NRW_dataset/HR_ground_truth/koeln_3.tif
dataset/NRW_dataset/HR_image/aachen_3.tif,dataset/NRW_dataset/ESA_GLC10_label/aachen_3.tif,
dataset/NRW_dataset/HR_image/bielefeld_10.tif,dataset/NRW_dataset/ESA_GLC10_label/bielefeld_10.tif,dataset/NRW_dataset/HR_ground_truth/bielefeld_10.tif
dataset/NRW_dataset/HR_image/dortmund_36.tif,dataset/NRW_dataset/ESA_GLC10_label/dortmund_36.tif,
